Trans_ID,Product1,Product2,Product3
1485,Bread,Butter,Egg
1147,Bread,Butter,Egg
1445,Bread,Butter,Egg
493,Bread,Butter,Egg
163,Bread,Butter,Egg
861,Bread,Butter,Egg
1052,Bread,Butter,Egg
789,Bread,Butter,Egg
123,Bread,Butter,Egg
1796,Bread,Butter,Egg
402,Bread,Butter,Egg
967,Bread,Butter,Egg
941,Bread,Butter,Egg
398,Bread,Butter,Egg
1122,Bread,Butter,Egg
569,Bread,Butter,Egg
806,Bread,Butter,Egg
278,Bread,Butter,Egg
1011,Bread,Butter,Egg
1510,Bread,Butter,Egg
1433,Bread,Butter,Egg
1682,Bread,Butter,Egg
149,Bread,Butter,Egg
366,Bread,Butter,Egg
1804,Bread,Butter,Egg
1981,Bread,Butter,Egg
1466,Bread,Butter,Egg
690,Bread,Butter,Egg
91,Bread,Butter,Egg
731,Bread,Butter,Egg
1657,Bread,Butter,Egg
682,Bread,Butter,Egg
437,Bread,Butter,Egg
1756,Bread,Butter,Egg
1606,Bread,Butter,Egg
848,Bread,Butter,Egg
498,Bread,Butter,Egg
357,Bread,Butter,Egg
423,Bread,Butter,Egg
67,Bread,Butter,Egg
604,Bread,Butter,Egg
1931,Bread,Butter,Egg
302,Bread,Butter,Egg
76,Bread,Butter,Egg
97,Bread,Butter,Egg
119,Bread,Butter,Egg
123,Bread,Butter,Egg
102,Bread,Butter,Egg
114,Bread,Butter,Egg
457,Bread,Butter,Egg
998,Bread,Butter,Egg
390,Bread,Butter,Egg
833,Bread,Butter,Egg
1386,Bread,Butter,Egg
1163,Bread,Butter,Egg
1586,Bread,Butter,Egg
1250,Bread,Butter,Egg
643,Bread,Butter,Egg
799,Bread,Butter,Egg
514,Bread,Butter,Egg
422,Bread,Butter,Egg
1948,Bread,Butter,Egg
1326,Bread,Butter,Egg
538,Bread,Butter,Egg
744,Bread,Butter,Egg
859,Bread,Butter,Egg
169,Bread,Butter,Egg
298,Bread,Butter,Egg
494,Bread,Butter,Egg
724,Bread,Butter,Egg
1389,Bread,Butter,Egg
1079,Bread,Butter,Egg
1155,Bread,Butter,Egg
1416,Bread,Butter,Egg
422,Bread,Butter,Egg
1995,Bread,Butter,Egg
524,Bread,Butter,Egg
1542,Bread,Butter,Egg
1836,Bread,Butter,Egg
260,Bread,Butter,Egg
632,Bread,Butter,Egg
782,Bread,Butter,Egg
1567,Bread,Butter,Egg
1836,Bread,Butter,Egg
761,Bread,Butter,Egg
1555,Bread,Butter,Egg
1706,Bread,Butter,Egg
1693,Bread,Butter,Egg
1824,Bread,Butter,Egg
1019,Bread,Butter,Egg
1120,Bread,Butter,Egg
1827,Bread,Butter,Egg
66,Bread,Butter,Egg
761,Bread,Butter,Egg
1077,Bread,Butter,Egg
665,Bread,Butter,Egg
719,Bread,Butter,Egg
1203,Bread,Butter,Egg
1968,Bread,Butter,Egg
1231,Bread,Butter,Egg
265,Bread,Butter,Egg
1393,Bread,Butter,Egg
237,Bread,Butter,Egg
1495,Bread,Butter,Egg
415,Bread,Butter,Egg
631,Bread,Butter,Egg
744,Bread,Butter,Egg
1638,Bread,Butter,Egg
1059,Bread,Butter,Egg
1577,Bread,Butter,Egg
1716,Bread,Butter,Egg
1700,Bread,Butter,Egg
1769,Bread,Butter,Egg
306,Bread,Butter,Egg
723,Bread,Butter,Egg
1483,Bread,Butter,Egg
47,Bread,Butter,Egg
57,Bread,Butter,Egg
12,Bread,Butter,Egg
474,Bread,Butter,Egg
304,Bread,Butter,Egg
1842,Bread,Butter,Egg
889,Bread,Butter,Egg
1894,Bread,Butter,Egg
1212,Bread,Butter,Egg
1874,Bread,Butter,Egg
1270,Bread,Butter,Egg
1540,Bread,Butter,Egg
603,Bread,Butter,Egg
432,Bread,Butter,Egg
1704,Bread,Butter,Egg
859,Bread,Butter,Egg
1047,Bread,Butter,Egg
1179,Bread,Butter,Egg
1518,Bread,Butter,Egg
912,Bread,Butter,Egg
1905,Bread,Butter,Egg
1108,Bread,Butter,Egg
700,Bread,Butter,Egg
1870,Bread,Butter,Egg
23,Bread,Butter,Egg
1626,Bread,Butter,Egg
1967,Bread,Butter,Egg
1664,Bread,Butter,Egg
756,Bread,Butter,Egg
1403,Bread,Butter,Egg
226,Bread,Butter,Egg
617,Bread,Butter,Egg
1366,Bread,Butter,Egg
751,Bread,Butter,Egg
1146,Bread,Butter,Egg
1433,Bread,Butter,Egg
719,Bread,Butter,Egg
1624,Bread,Butter,Egg
1112,Bread,Butter,Egg
1744,Bread,Butter,Egg
1859,Bread,Butter,Egg
219,Bread,Butter,Egg
376,Bread,Butter,Egg
1251,Bread,Butter,Egg
1787,Bread,Butter,Egg
399,Bread,Butter,Egg
468,Bread,Butter,Egg
1501,Bread,Butter,Egg
1720,Bread,Butter,Egg
226,Bread,Butter,Egg
941,Bread,Butter,Egg
604,Bread,Butter,Egg
1806,Bread,Butter,Egg
627,Bread,Butter,Egg
1597,Bread,Butter,Egg
611,Bread,Butter,Egg
1977,Bread,Butter,Egg
661,Bread,Butter,Egg
1614,Bread,Butter,Egg
813,Bread,Butter,Egg
1990,Bread,Butter,Egg
1597,Bread,Butter,Egg
1591,Bread,Butter,Egg
419,Bread,Butter,Egg
1423,Bread,Butter,Egg
194,Bread,Butter,Egg
797,Bread,Butter,Egg
1599,Bread,Butter,Egg
1916,Bread,Butter,Egg
414,Bread,Butter,Egg
1782,Bread,Butter,Egg
1929,Bread,Butter,Egg
1801,Bread,Butter,Egg
924,Bread,Butter,Egg
1726,Bread,Butter,Egg
762,Bread,Butter,Egg
1982,Bread,Butter,Egg
1522,Bread,Butter,Egg
1122,Bread,Butter,Egg
458,Bread,Butter,Egg
332,Bread,Butter,Egg
1661,Bread,Butter,Egg
904,Bread,Butter,Egg
408,Bread,Butter,Egg
1763,Bread,Butter,Egg
1154,Bread,Butter,Egg
343,Bread,Butter,Egg
1554,Bread,Butter,Egg
296,Bread,Butter,Egg
1186,Bread,Butter,Egg
1747,Bread,Butter,Egg
10,Bread,Butter,Egg
578,Bread,Butter,Egg
809,Bread,Butter,Egg
201,Bread,Butter,Egg
128,Bread,Butter,Egg
481,Bread,Butter,Egg
1313,Bread,Butter,Egg
1709,Bread,Butter,Egg
1367,Bread,Butter,Egg
1703,Bread,Butter,Egg
1646,Bread,Butter,Egg
1790,Bread,Butter,Egg
596,Bread,Butter,Egg
401,Bread,Butter,Egg
1893,Bread,Butter,Egg
1363,Bread,Butter,Egg
1255,Bread,Butter,Egg
39,Bread,Butter,Egg
266,Bread,Butter,Egg
1315,Bread,Butter,Egg
76,Bread,Butter,Egg
1425,Bread,Butter,Egg
11,Bread,Butter,Egg
709,Bread,Butter,Egg
969,Bread,Butter,Egg
347,Bread,Butter,Egg
1871,Bread,Butter,Egg
1446,Bread,Butter,Egg
117,Bread,Butter,Egg
551,Bread,Butter,Egg
2,Bread,Butter,Egg
882,Bread,Butter,Egg
1088,Bread,Butter,Egg
917,Bread,Butter,Egg
1776,Bread,Butter,Egg
720,Bread,Butter,Egg
1320,Bread,Butter,Egg
1898,Bread,Butter,Egg
426,Bread,Butter,Egg
88,Bread,Butter,Egg
278,Bread,Butter,Egg
356,Bread,Butter,Egg
750,Bread,Butter,Egg
536,Bread,Butter,Egg
1996,Bread,Butter,Egg
1449,Bread,Butter,Egg
50,Bread,Butter,Egg
1468,Bread,Butter,Egg
872,Bread,Butter,Egg
981,Bread,Butter,Egg
168,Bread,Butter,Egg
151,Bread,Butter,Egg
586,Bread,Butter,Egg
1382,Bread,Butter,Egg
1030,Bread,Butter,Egg
1655,Bread,Butter,Egg
1857,Bread,Butter,Egg
1067,Bread,Butter,Egg
90,Bread,Butter,Egg
1364,Bread,Butter,Egg
404,Bread,Butter,Egg
139,Bread,Butter,Egg
1055,Bread,Butter,Egg
65,Bread,Butter,Egg
1448,Bread,Butter,Egg
442,Bread,Butter,Egg
423,Bread,Butter,Egg
24,Bread,Butter,Egg
753,Bread,Butter,Egg
1858,Bread,Butter,Egg
1813,Bread,Butter,Egg
1571,Bread,Butter,Egg
199,Bread,Butter,Egg
867,Bread,Butter,Egg
904,Bread,Butter,Egg
1717,Bread,Butter,Egg
1667,Bread,Butter,Egg
872,Bread,Butter,Egg
1746,Bread,Butter,Egg
513,Bread,Butter,Egg
907,Bread,Butter,Egg
151,Bread,Butter,Egg
751,Bread,Butter,Egg
1454,Bread,Butter,Egg
593,Bread,Butter,Egg
1899,Bread,Butter,Egg
797,Bread,Butter,Egg
1801,Bread,Butter,Egg
1113,Bread,Butter,Egg
1404,Bread,Butter,Egg
1870,Bread,Butter,Egg
447,Bread,Butter,Egg
812,Bread,Butter,Egg
1067,Bread,Butter,Egg
196,Bread,Butter,Egg
597,Bread,Butter,Egg
567,Bread,Butter,Egg
1307,Bread,Butter,Egg
529,Bread,Butter,Egg
1827,Bread,Butter,Egg
1607,Bread,Butter,Egg
757,Bread,Butter,Egg
1774,Bread,Butter,Egg
660,Bread,Butter,Egg
24,Bread,Butter,Egg
273,Bread,Butter,Egg
53,Bread,Butter,Egg
1336,Bread,Butter,Egg
1879,Bread,Butter,Egg
1831,Bread,Butter,Egg
158,Bread,Butter,Egg
1687,Bread,Butter,Egg
1828,Bread,Butter,Egg
172,Bread,Butter,Egg
1833,Bread,Butter,Egg
1238,Bread,Butter,Egg
5,Bread,Butter,Egg
1032,Bread,Butter,Egg
209,Bread,Butter,Egg
1213,Bread,Butter,Egg
1891,Bread,Butter,Egg
375,Bread,Butter,Egg
1910,Bread,Butter,Egg
798,Bread,Butter,Egg
326,Bread,Butter,Egg
964,Bread,Butter,Egg
730,Bread,Butter,Egg
1231,Bread,Butter,Egg
1864,Bread,Butter,Egg
1618,Bread,Butter,Egg
789,Bread,Butter,Egg
1142,Bread,Butter,Egg
1131,Bread,Butter,Egg
894,Bread,Butter,Egg
456,Bread,Butter,Egg
743,Bread,Butter,Egg
1308,Bread,Butter,Egg
779,Bread,Butter,Egg
665,Bread,Butter,Egg
1902,Bread,Butter,Egg
1573,Bread,Butter,Egg
774,Bread,Butter,Egg
1544,Bread,Butter,Egg
1684,Bread,Butter,Egg
1858,Bread,Butter,Egg
328,Bread,Butter,Egg
1705,Bread,Butter,Egg
1164,Bread,Butter,Egg
1509,Bread,Butter,Egg
506,Bread,Butter,Egg
1559,Bread,Butter,Egg
1968,Bread,Butter,Egg
218,Bread,Butter,Egg
150,Bread,Butter,Egg
860,Bread,Butter,Egg
1323,Bread,Butter,Egg
5,Bread,Butter,Egg
1305,Bread,Butter,Egg
567,Bread,Butter,Egg
1275,Bread,Butter,Egg
1736,Bread,Butter,Egg
255,Bread,Butter,Egg
1010,Bread,Butter,Egg
936,Bread,Butter,Egg
401,Bread,Butter,Egg
325,Bread,Butter,Egg
1418,Bread,Butter,Egg
567,Bread,Butter,Egg
709,Bread,Butter,Egg
1151,Bread,Butter,Egg
570,Bread,Butter,Egg
593,Bread,Butter,Egg
1165,Bread,Butter,Egg
170,Bread,Butter,Egg
1613,Bread,Butter,Egg
574,Bread,Butter,Egg
1414,Bread,Butter,Egg
255,Bread,Butter,Egg
1784,Bread,Butter,Egg
191,Bread,Butter,Egg
273,Bread,Butter,Egg
229,Bread,Butter,Egg
666,Bread,Butter,Dairy
1009,Bread,Butter,Dairy
1644,Bread,Butter,Dairy
944,Bread,Butter,Dairy
1977,Bread,Butter,Dairy
1772,Bread,Butter,Dairy
1279,Bread,Butter,Dairy
509,Bread,Butter,Dairy
790,Bread,Butter,Dairy
1397,Bread,Butter,Dairy
129,Bread,Butter,Dairy
1811,Bread,Butter,Dairy
1657,Bread,Butter,Dairy
1776,Bread,Butter,Dairy
1345,Bread,Butter,Dairy
27,Bread,Butter,Dairy
1902,Bread,Butter,Dairy
1924,Bread,Butter,Dairy
916,Bread,Butter,Dairy
1191,Bread,Butter,Dairy
576,Bread,Butter,Dairy
1301,Bread,Butter,Dairy
1290,Bread,Butter,Dairy
1508,Bread,Butter,Dairy
1316,Bread,Butter,Dairy
86,Bread,Butter,Dairy
359,Bread,Butter,Dairy
1623,Bread,Butter,Dairy
1870,Bread,Butter,Dairy
976,Bread,Butter,Dairy
95,Bread,Butter,Dairy
1587,Bread,Butter,Dairy
881,Bread,Butter,Dairy
1153,Bread,Butter,Dairy
646,Bread,Butter,Dairy
222,Bread,Butter,Dairy
1790,Bread,Butter,Dairy
1,Bread,Butter,Dairy
998,Bread,Butter,Dairy
1683,Bread,Butter,Dairy
844,Bread,Salsa,Dairy
606,Bread,Salsa,Dairy
1534,Bread,Salsa,Dairy
1058,Bread,Salsa,Dairy
1374,Bread,Salsa,Dairy
1309,Bread,Salsa,Dairy
1247,Bread,Salsa,Dairy
335,Bread,Salsa,Dairy
749,Bread,Salsa,Dairy
1231,Bread,Salsa,Dairy
384,Bread,Salsa,Dairy
484,Bread,Salsa,Dairy
213,Bread,Salsa,Dairy
1168,Bread,Salsa,Dairy
1410,Bread,Salsa,Dairy
896,Bread,Salsa,Dairy
1852,Bread,Salsa,Dairy
546,Nachos,Salsa,Dairy
477,Nachos,Salsa,Dairy
434,Nachos,Salsa,Dairy
937,Nachos,Salsa,Dairy
1509,Nachos,Salsa,Dairy
1534,Nachos,Salsa,Dairy
1325,Nachos,Salsa,Dairy
1391,Nachos,Salsa,Dairy
1004,Nachos,Salsa,Dairy
167,Nachos,Salsa,Dairy
1331,Nachos,Salsa,Dairy
1359,Nachos,Salsa,Dairy
59,Nachos,Salsa,Dairy
768,Nachos,Salsa,Dairy
1927,Nachos,Salsa,Dairy
985,Nachos,Salsa,Dairy
33,Nachos,Salsa,Dairy
83,Nachos,Salsa,Dairy
219,Nachos,Salsa,Dairy
226,Nachos,Salsa,Dairy
458,Nachos,Salsa,Dairy
1453,Nachos,Salsa,Dairy
934,Nachos,Salsa,Dairy
155,Nachos,Salsa,Dairy
1345,Nachos,Salsa,Dairy
1502,Nachos,Salsa,Dairy
330,Nachos,Salsa,Dairy
1983,Nachos,Salsa,Dairy
1969,Nachos,Salsa,Dairy
1277,Nachos,Salsa,Dairy
1595,Nachos,Salsa,Dairy
1549,Nachos,Salsa,Dairy
620,Nachos,Salsa,Dairy
676,Nachos,Salsa,Dairy
1971,Nachos,Salsa,Dairy
571,Nachos,Salsa,Dairy
1963,Nachos,Salsa,Dairy
1756,Nachos,Salsa,Dairy
1453,Nachos,Salsa,Dairy
63,Nachos,Salsa,Dairy
533,Nachos,Salsa,Dairy
1496,Nachos,Salsa,Dairy
600,Nachos,Salsa,Dairy
33,Nachos,Salsa,Dairy
1753,Nachos,Salsa,Dairy
390,Nachos,Salsa,Dairy
1648,Nachos,Salsa,Dairy
991,Nachos,Salsa,Dairy
1596,Nachos,Salsa,Dairy
1123,Nachos,Salsa,Dairy
872,Nachos,Salsa,Dairy
293,Nachos,Salsa,Dairy
1121,Nachos,Salsa,Dairy
346,Nachos,Salsa,Dairy
1959,Nachos,Salsa,Dairy
1282,Nachos,Salsa,Dairy
488,Nachos,Salsa,Dairy
1100,Nachos,Salsa,Dairy
1069,Nachos,Salsa,Dairy
189,Nachos,Salsa,Dairy
620,Nachos,Salsa,Dairy
818,Nachos,Salsa,Dairy
494,Nachos,Salsa,Dairy
486,Nachos,Salsa,Dairy
933,Nachos,Salsa,Dairy
1259,Nachos,Salsa,Dairy
104,Nachos,Salsa,Dairy
1577,Nachos,Salsa,Dairy
174,Nachos,Salsa,Dairy
1424,Nachos,Salsa,Dairy
1125,Nachos,Salsa,Dairy
749,Nachos,Salsa,Dairy
1949,Nachos,Salsa,Dairy
1783,Nachos,Salsa,Dairy
1911,Nachos,Salsa,Dairy
665,Nachos,Salsa,Dairy
1269,Nachos,Salsa,Dairy
608,Nachos,Salsa,Dairy
1702,Nachos,Salsa,Dairy
775,Nachos,Salsa,Dairy
829,Nachos,Salsa,Dairy
1093,Nachos,Salsa,Dairy
935,Nachos,Salsa,Egg
988,Nachos,Salsa,Egg
833,Nachos,Salsa,Egg
585,Nachos,Salsa,Egg
1991,Nachos,Salsa,Egg
1392,Nachos,Salsa,Egg
523,Nachos,Salsa,Egg
970,Nachos,Salsa,Egg
1131,Nachos,Salsa,Egg
1177,Nachos,Salsa,Egg
662,Nachos,Salsa,Egg
1597,Nachos,Salsa,Egg
118,Nachos,Salsa,Egg
887,Nachos,Salsa,Egg
1471,Nachos,Salsa,Egg
699,Nachos,Salsa,Egg
211,Nachos,Salsa,Egg
1083,Nachos,Salsa,Egg
1590,Nachos,Salsa,Egg
835,Nachos,Salsa,Egg
1263,Nachos,Salsa,Egg
305,Nachos,Salsa,Egg
509,Nachos,Salsa,Egg
804,Nachos,Salsa,Egg
1166,Nachos,Salsa,Egg
261,Nachos,Salsa,Egg
75,Nachos,Salsa,Egg
503,Nachos,Salsa,Egg
609,Nachos,Salsa,Egg
1927,Nachos,Salsa,Egg
175,Nachos,Salsa,Egg
1589,Nachos,Salsa,Egg
391,Nachos,Salsa,Egg
1150,Nachos,Salsa,Egg
1039,Nachos,Salsa,Egg
1336,Nachos,Salsa,Egg
1612,Nachos,Salsa,Egg
334,Nachos,Salsa,Egg
500,Nachos,Salsa,Egg
1864,Nachos,Salsa,Egg
639,Nachos,Salsa,Egg
549,Nachos,Salsa,Egg
1430,Nachos,Salsa,Egg
1925,Nachos,Salsa,Egg
675,Nachos,Salsa,Egg
784,Nachos,Salsa,Egg
649,Nachos,Salsa,Egg
359,Nachos,Salsa,Egg
103,Nachos,Salsa,Egg
1752,Nachos,Salsa,Egg
285,Nachos,Salsa,Egg
1509,Nachos,Salsa,Egg
820,Nachos,Salsa,Egg
1291,Nachos,Salsa,Egg
794,Nachos,Salsa,Egg
1612,Nachos,Salsa,Egg
748,Nachos,Salsa,Egg
55,Nachos,Salsa,Egg
1910,Nachos,Salsa,Egg
472,Nachos,Salsa,Egg
312,Nachos,Salsa,Egg
152,Nachos,Salsa,Egg
732,Nachos,Salsa,Egg
1473,Nachos,Salsa,Egg
569,Nachos,Salsa,Egg
9,Nachos,Salsa,Egg
850,Nachos,Salsa,Egg
275,Nachos,Salsa,Egg
1010,Nachos,Salsa,Egg
1538,Nachos,Salsa,Egg
146,Nachos,Salsa,Egg
1066,Nachos,Salsa,Egg
1939,Nachos,Salsa,Egg
1288,Nachos,Salsa,Egg
1466,Nachos,Salsa,Egg
1416,Nachos,Salsa,Egg
1643,Nachos,Salsa,Egg
542,Nachos,Salsa,Egg
788,Nachos,Salsa,Egg
1245,Nachos,Salsa,Egg
1087,Nachos,Salsa,Egg
460,Nachos,Salsa,Egg
803,Nachos,Salsa,Egg
569,Nachos,Salsa,Egg
1304,Nachos,Salsa,Egg
99,Nachos,Salsa,Egg
1499,Nachos,Salsa,Egg
175,Nachos,Salsa,Egg
1779,Nachos,Salsa,Egg
998,Nachos,Salsa,Egg
1136,Nachos,Salsa,Egg
743,Nachos,Salsa,Egg
706,Nachos,Salsa,Egg
1909,Nachos,Salsa,Egg
1117,Nachos,Salsa,Egg
1595,Nachos,Salsa,Egg
632,Nachos,Salsa,Egg
562,Nachos,Salsa,Egg
1994,Nachos,Salsa,Egg
1563,Nachos,Salsa,Egg
437,Nachos,Salsa,Egg
1355,Nachos,Salsa,Egg
928,Nachos,Salsa,Egg
464,Nachos,Salsa,Egg
1287,Nachos,Salsa,Egg
1806,Nachos,Salsa,Egg
618,Nachos,Salsa,Egg
1727,Nachos,Salsa,Egg
1669,Nachos,Salsa,Egg
1566,Nachos,Salsa,Egg
1350,Nachos,Salsa,Egg
1357,Nachos,Salsa,Egg
1499,Nachos,Salsa,Egg
350,Nachos,Salsa,Egg
206,Nachos,Salsa,Egg
1714,Nachos,Salsa,Egg
587,Nachos,Salsa,Egg
93,Nachos,Salsa,Egg
1021,Nachos,Salsa,Egg
1375,Nachos,Salsa,Egg
539,Nachos,Salsa,Egg
434,Nachos,Salsa,Egg
934,Nachos,Salsa,Egg
213,Nachos,Salsa,Egg
1983,Nachos,Salsa,Egg
854,Nachos,Salsa,Egg
1382,Nachos,Salsa,Egg
1546,Nachos,Salsa,Egg
600,Nachos,Salsa,Egg
1876,Nachos,Salsa,Egg
892,Nachos,Salsa,Egg
1909,Nachos,Salsa,Egg
1935,Nachos,Salsa,Egg
724,Nachos,Salsa,Egg
1036,Nachos,Salsa,Egg
1183,Nachos,Salsa,Egg
1158,Nachos,Salsa,Egg
512,Nachos,Salsa,Egg
1280,Nachos,Salsa,Egg
1226,Nachos,Salsa,Egg
1743,Nachos,Salsa,Egg
1367,Nachos,Salsa,Egg
116,Nachos,Salsa,Egg
594,Nachos,Salsa,Egg
199,Nachos,Salsa,Egg
534,Nachos,Salsa,Egg
1227,Nachos,Salsa,Egg
678,Nachos,Salsa,Egg
814,Nachos,Salsa,Egg
1874,Nachos,Salsa,Egg
1379,Nachos,Salsa,Egg
1489,Nachos,Salsa,Egg
343,Nachos,Salsa,Egg
226,Nachos,Salsa,Egg
649,Nachos,Salsa,Egg
189,Nachos,Salsa,Egg
1054,Nachos,Salsa,Egg
1638,Nachos,Salsa,Egg
726,Nachos,Salsa,Egg
1997,Nachos,Salsa,Egg
1794,Nachos,Salsa,Egg
111,Nachos,Salsa,Egg
1735,Nachos,Salsa,Egg
558,Nachos,Salsa,Egg
447,Nachos,Salsa,Egg
565,Nachos,Salsa,Egg
694,Nachos,Salsa,Egg
1532,Nachos,Salsa,Egg
906,Nachos,Salsa,Egg
183,Nachos,Salsa,Egg
1443,Nachos,Salsa,Egg
178,Nachos,Salsa,Egg
615,Nachos,Salsa,Egg
1691,Nachos,Salsa,Egg
894,Nachos,Salsa,Egg
1706,Nachos,Salsa,Egg
794,Nachos,Salsa,Egg
260,Nachos,Salsa,Egg
1035,Nachos,Salsa,Egg
1562,Nachos,Salsa,Egg
309,Nachos,Salsa,Egg
1111,Nachos,Salsa,Egg
1541,Nachos,Salsa,Egg
1173,Nachos,Salsa,Egg
1519,Nachos,Salsa,Egg
642,Nachos,Salsa,Egg
1003,Nachos,Salsa,Egg
1151,Nachos,Salsa,Egg
727,Nachos,Salsa,Egg
55,Nachos,Salsa,Egg
957,Nachos,Salsa,Egg
725,Nachos,Salsa,Egg
1023,Nachos,Salsa,Egg
1436,Nachos,Salsa,Egg
120,Nachos,Salsa,Egg
734,Nachos,Salsa,Egg
1381,Nachos,Salsa,Egg
1310,Nachos,Salsa,Egg
1359,Nachos,Salsa,Egg
1375,Nachos,Salsa,Egg
446,Nachos,Salsa,Egg
1467,Nachos,Salsa,Egg
1064,Nachos,Salsa,Egg
950,Nachos,Salsa,Egg
1353,Nachos,Salsa,Egg
1484,Nachos,Salsa,Egg
1768,Nachos,Salsa,Egg
1266,Nachos,Salsa,Egg
52,Nachos,Salsa,Egg
144,Nachos,Salsa,Egg
1882,Nachos,Salsa,Egg
984,Nachos,Salsa,Egg
264,Nachos,Salsa,Egg
275,Nachos,Salsa,Egg
643,Nachos,Salsa,Egg
1590,Nachos,Salsa,Egg
451,Nachos,Salsa,Egg
1423,Nachos,Salsa,Egg
308,Nachos,Salsa,Egg
1746,Nachos,Salsa,Egg
1892,Nachos,Salsa,Egg
497,Nachos,Salsa,Egg
1758,Nachos,Salsa,Egg
1560,Nachos,Salsa,Egg
1396,Nachos,Salsa,Egg
329,Nachos,Salsa,Egg
1722,Nachos,Salsa,Egg
415,Nachos,Salsa,Egg
1411,Nachos,Salsa,Egg
1554,Nachos,Salsa,Egg
663,Nachos,Salsa,Egg
733,Nachos,Salsa,Egg
138,Nachos,Salsa,Egg
740,Nachos,Salsa,Egg
1422,Nachos,Salsa,Egg
282,Nachos,Salsa,Dairy
1413,Nachos,Salsa,Dairy
987,Nachos,Salsa,Dairy
996,Nachos,Salsa,Dairy
1650,Nachos,Salsa,Dairy
1970,Nachos,Salsa,Dairy
1887,Nachos,Salsa,Dairy
583,Nachos,Salsa,Dairy
1880,Nachos,Salsa,Dairy
1092,Nachos,Salsa,Dairy
9,Nachos,Salsa,Dairy
1620,Nachos,Salsa,Dairy
138,Nachos,Salsa,Dairy
933,Nachos,Salsa,Dairy
706,Nachos,Salsa,Dairy
1287,Nachos,Salsa,Dairy
886,Nachos,Salsa,Dairy
1811,Nachos,Salsa,Dairy
1311,Nachos,Salsa,Dairy
73,Nachos,Salsa,Dairy
1407,Nachos,Salsa,Dairy
1054,Nachos,Salsa,Dairy
1767,Nachos,Salsa,Dairy
163,Nachos,Salsa,Dairy
866,Nachos,Salsa,Dairy
733,Nachos,Salsa,Dairy
938,Nachos,Salsa,Dairy
46,Nachos,Salsa,Dairy
1853,Nachos,Salsa,Dairy
906,Nachos,Salsa,Dairy
98,Nachos,Salsa,Dairy
1011,Nachos,Salsa,Dairy
507,Nachos,Salsa,Dairy
358,Nachos,Salsa,Dairy
1693,Nachos,Salsa,Dairy
271,Nachos,Salsa,Dairy
1683,Nachos,Salsa,Dairy
1659,Nachos,Salsa,Dairy
1018,Nachos,Salsa,Dairy
1176,Nachos,Salsa,Dairy
1776,Nachos,Salsa,Dairy
6,Nachos,Salsa,Dairy
74,Nachos,Salsa,Dairy
1974,Nachos,Salsa,Dairy
518,Nachos,Salsa,Dairy
1106,Nachos,Salsa,Dairy
716,Nachos,Salsa,Dairy
1869,Nachos,Salsa,Dairy
529,Nachos,Salsa,Dairy
1256,Nachos,Salsa,Dairy
877,Nachos,Salsa,Dairy
433,Nachos,Salsa,Dairy
1788,Nachos,Salsa,Dairy
1978,Nachos,Salsa,Dairy
1298,Nachos,Salsa,Dairy
3,Nachos,Salsa,Dairy
808,Nachos,Salsa,Dairy
196,Nachos,Salsa,Dairy
888,Nachos,Salsa,Dairy
892,Nachos,Butter,Dairy
244,Nachos,Butter,Dairy
885,Nachos,Butter,Dairy
1129,Nachos,Butter,Dairy
1862,Nachos,Butter,Dairy
466,Nachos,Butter,Dairy
485,Nachos,Butter,Dairy
1641,Nachos,Butter,Dairy
665,Nachos,Butter,Dairy
1623,Nachos,Butter,Dairy
1074,Nachos,Butter,Dairy
1,Nachos,Butter,Dairy
576,Nachos,Butter,Dairy
1948,Nachos,Butter,Dairy
895,Nachos,Butter,Dairy
1976,Nachos,Butter,Dairy
856,Nachos,Butter,Dairy
274,Nachos,Butter,Dairy
978,Nachos,Butter,Dairy
781,Nachos,Butter,Dairy
301,Nachos,Butter,Dairy
346,Nachos,Butter,Dairy
1535,Nachos,Butter,Dairy
899,Nachos,Butter,Dairy
1734,Nachos,Butter,Dairy
996,Nachos,Butter,Dairy
1629,Nachos,Butter,Dairy
1311,Nachos,Butter,Dairy
49,Nachos,Butter,Dairy
488,Nachos,Butter,Dairy
889,Nachos,Butter,Dairy
867,Nachos,Butter,Dairy
968,Nachos,Butter,Dairy
406,Nachos,Butter,Dairy
368,Nachos,Butter,Dairy
307,Nachos,Butter,Dairy
392,Nachos,Butter,Dairy
765,Nachos,Butter,Dairy
751,Nachos,Butter,Dairy
1796,Nachos,Butter,Dairy
1654,Nachos,Butter,Dairy
78,Nachos,Butter,Dairy
1948,Nachos,Butter,Dairy
424,Nachos,Butter,Dairy
236,Nachos,Butter,Dairy
286,Nachos,Butter,Dairy
1218,Nachos,Butter,Dairy
1511,Nachos,Butter,Dairy
299,Nachos,Butter,Dairy
328,Nachos,Butter,Dairy
1029,Nachos,Butter,Dairy
1285,Nachos,Butter,Dairy
383,Nachos,Butter,Dairy
1738,Nachos,Butter,Dairy
1509,Nachos,Butter,Dairy
1796,Nachos,Butter,Dairy
562,Nachos,Butter,Dairy
1083,Nachos,Butter,Dairy
348,Nachos,Butter,Dairy
1893,Nachos,Butter,Dairy
1268,Nachos,Butter,Dairy
335,Nachos,Butter,Dairy
482,Nachos,Butter,Dairy
384,Nachos,Butter,Dairy
1749,Bread,Jam,Dairy
257,Bread,Jam,Dairy
1103,Bread,Jam,Dairy
620,Bread,Jam,Dairy
1596,Bread,Jam,Dairy
896,Bread,Jam,Dairy
1335,Bread,Jam,Dairy
1085,Bread,Jam,Dairy
1280,Bread,Jam,Dairy
518,Bread,Jam,Dairy
1330,Bread,Jam,Dairy
1845,Bread,Jam,Dairy
1904,Bread,Jam,Dairy
407,Bread,Jam,Dairy
799,Bread,Jam,Dairy
316,Bread,Jam,Dairy
1827,Bread,Jam,Dairy
638,Bread,Jam,Dairy
1537,Bread,Jam,Dairy
1768,Bread,Jam,Dairy
222,Bread,Jam,Dairy
955,Bread,Jam,Dairy
777,Bread,Jam,Dairy
1672,Bread,Jam,Dairy
1362,Bread,Jam,Dairy
12,Bread,Jam,Dairy
980,Bread,Jam,Dairy
1047,Bread,Jam,Dairy
1378,Bread,Jam,Dairy
191,Bread,Jam,Dairy
1745,Bread,Jam,Dairy
1852,Bread,Jam,Dairy
148,Bread,Jam,Dairy
632,Bread,Jam,Dairy
518,Bread,Jam,Dairy
221,Bread,Jam,Dairy
18,Bread,Jam,Dairy
1112,Bread,Jam,Dairy
517,Bread,Jam,Dairy
40,Bread,Jam,Dairy
752,Bread,Jam,Dairy
907,Bread,Jam,Dairy
1056,Bread,Jam,Dairy
337,Bread,Jam,Dairy
1013,Bread,Jam,Dairy
806,Bread,Jam,Dairy
729,Bread,Jam,Dairy
183,Bread,Jam,Dairy
180,Bread,Jam,Dairy
1462,Bread,Jam,Dairy
415,Bread,Jam,Dairy
1109,Bread,Jam,Dairy
31,Bread,Jam,Dairy
1258,Bread,Jam,Dairy
541,Bread,Jam,Dairy
136,Bread,Jam,Dairy
1872,Bread,Jam,Dairy
1742,Bread,Jam,Dairy
946,Bread,Jam,Dairy
30,Bread,Jam,Dairy
1418,Bread,Jam,Dairy
620,Bread,Jam,Dairy
1378,Bread,Jam,Dairy
1712,Bread,Jam,Dairy
1020,Bread,Jam,Dairy
1915,Bread,Jam,Dairy
191,Bread,Jam,Dairy
1297,Bread,Jam,Dairy
1640,Bread,Jam,Dairy
1016,Bread,Jam,Dairy
715,Bread,Jam,Dairy
903,Bread,Jam,Dairy
133,Bread,Jam,Dairy
473,Bread,Jam,Dairy
1113,Bread,Jam,Dairy
10,Bread,Jam,Dairy
1105,Bread,Jam,Dairy
933,Bread,Jam,Dairy
1858,Bread,Jam,Dairy
807,Bread,Jam,Dairy
685,Bread,Jam,Dairy
231,Bread,Jam,Dairy
942,Bread,Jam,Dairy
927,Bread,Jam,Dairy
639,Bread,Jam,Dairy
242,Bread,Jam,Dairy
24,Bread,Jam,Dairy
997,Bread,Jam,Dairy
85,Bread,Jam,Dairy
1916,Bread,Jam,Dairy
1211,Bread,Jam,Dairy
548,Bread,Jam,Dairy
402,Bread,Jam,Dairy
1335,Bread,Jam,Dairy
476,Bread,Jam,Dairy
1710,Bread,Jam,Dairy
171,Bread,Jam,Dairy
141,Bread,Jam,Dairy
966,Bread,Jam,Dairy
30,Bread,Jam,Dairy
521,Bread,Jam,Dairy
135,Bread,Jam,Dairy
635,Bread,Jam,Dairy
1558,Bread,Jam,Dairy
1434,Bread,Jam,Dairy
969,Bread,Jam,Dairy
116,Bread,Jam,Dairy
391,Bread,Jam,Dairy
1010,Bread,Jam,Dairy
1005,Bread,Jam,Dairy
308,Bread,Jam,Dairy
1354,Bread,Jam,Dairy
691,Bread,Jam,Dairy
534,Bread,Jam,Dairy
1373,Bread,Jam,Dairy
544,Bread,Jam,Dairy
1529,Bread,Jam,Dairy
1875,Bread,Jam,Dairy
77,Bread,Jam,Dairy
645,Bread,Jam,Dairy
241,Bread,Jam,Dairy
779,Bread,Jam,Dairy
405,Bread,Jam,Dairy
215,Bread,Jam,Dairy
1483,Bread,Jam,Dairy
381,Bread,Jam,Dairy
1752,Bread,Jam,Dairy
389,Bread,Jam,Dairy
43,Bread,Jam,Dairy
48,Bread,Jam,Dairy
1480,Bread,Jam,Dairy
1123,Bread,Jam,Dairy
1408,Bread,Jam,Dairy
1100,Bread,Jam,Dairy
1711,Bread,Jam,Dairy
374,Bread,Jam,Dairy
936,Bread,Jam,Dairy
372,Bread,Jam,Dairy
1592,Bread,Jam,Dairy
622,Bread,Jam,Dairy
2000,Bread,Jam,Dairy
535,Bread,Jam,Dairy
327,Bread,Jam,Dairy
1940,Bread,Jam,Dairy
1184,Bread,Jam,Egg
768,Bread,Jam,Egg
873,Bread,Jam,Egg
1215,Bread,Jam,Egg
1458,Bread,Jam,Egg
968,Bread,Jam,Egg
1808,Bread,Jam,Egg
1608,Bread,Jam,Egg
185,Bread,Jam,Egg
1319,Bread,Jam,Egg
1348,Bread,Jam,Egg
1687,Bread,Jam,Egg
859,Bread,Jam,Egg
1385,Bread,Jam,Egg
1597,Bread,Jam,Egg
1627,Bread,Jam,Egg
1746,Bread,Jam,Egg
1585,Bread,Jam,Egg
1316,Bread,Jam,Egg
1865,Bread,Jam,Egg
1201,Bread,Jam,Egg
1376,Bread,Jam,Egg
721,Bread,Jam,Egg
1403,Bread,Jam,Egg
612,Bread,Jam,Egg
1741,Bread,Jam,Egg
579,Bread,Jam,Egg
124,Bread,Jam,Egg
1143,Bread,Jam,Egg
1266,Bread,Jam,Egg
90,Bread,Jam,Egg
565,Bread,Jam,Egg
295,Bread,Jam,Egg
317,Bread,Jam,Egg
1695,Bread,Jam,Egg
1563,Bread,Jam,Egg
674,Bread,Jam,Egg
426,Bread,Jam,Egg
621,Bread,Jam,Egg
1602,Bread,Jam,Egg
839,Bread,Jam,Egg
730,Bread,Jam,Egg
211,Bread,Jam,Egg
792,Bread,Jam,Egg
735,Bread,Jam,Egg
703,Bread,Jam,Egg
1745,Bread,Jam,Egg
1286,Bread,Jam,Egg
1942,Bread,Jam,Egg
1949,Bread,Jam,Egg
691,Bread,Jam,Egg
718,Bread,Jam,Egg
356,Bread,Jam,Egg
1341,Bread,Jam,Egg
1367,Bread,Jam,Egg
1826,Bread,Jam,Egg
1161,Bread,Jam,Egg
1215,Bread,Jam,Egg
1950,Bread,Jam,Egg
898,Bread,Jam,Egg
388,Bread,Jam,Egg
522,Bread,Jam,Egg
1363,Bread,Jam,Egg
910,Bread,Jam,Egg
1741,Bread,Jam,Egg
1502,Bread,Jam,Egg
54,Bread,Jam,Egg
478,Bread,Jam,Egg
912,Bread,Jam,Egg
1595,Bread,Jam,Egg
1570,Bread,Jam,Egg
1840,Bread,Jam,Egg
1008,Bread,Jam,Egg
559,Bread,Jam,Egg
1056,Bread,Jam,Egg
358,Bread,Jam,Egg
449,Bread,Jam,Egg
1863,Bread,Jam,Egg
288,Bread,Jam,Egg
408,Bread,Jam,Egg
1403,Bread,Jam,Egg
781,Bread,Jam,Egg
1632,Bread,Jam,Egg
822,Bread,Jam,Egg
1132,Bread,Jam,Egg
1743,Bread,Jam,Egg
714,Bread,Jam,Egg
1027,Bread,Jam,Egg
1116,Bread,Jam,Egg
864,Bread,Jam,Egg
3,Bread,Jam,Egg
46,Bread,Jam,Egg
466,Bread,Jam,Egg
595,Bread,Jam,Egg
497,Bread,Jam,Egg
607,Bread,Jam,Egg
1117,Bread,Jam,Egg
1190,Bread,Jam,Egg
155,Bread,Jam,Egg
710,Bread,Jam,Egg
738,Bread,Jam,Egg
1419,Bread,Jam,Egg
1475,Bread,Jam,Egg
947,Bread,Jam,Egg
802,Bread,Jam,Egg
565,Bread,Jam,Egg
1235,Bread,Jam,Egg
1259,Bread,Jam,Egg
1075,Bread,Jam,Egg
1273,Bread,Jam,Egg
1964,Bread,Jam,Egg
155,Bread,Jam,Egg
1257,Juice,Jam,Egg
500,Juice,Jam,Egg
1859,Juice,Jam,Egg
879,Juice,Jam,Egg
1859,Juice,Jam,Egg
1332,Juice,Jam,Egg
923,Juice,Jam,Egg
1423,Juice,Jam,Egg
1877,Juice,Jam,Egg
1998,Juice,Jam,Egg
304,Juice,Jam,Egg
1056,Juice,Jam,Egg
1853,Juice,Jam,Egg
315,Juice,Jam,Egg
1190,Juice,Jam,Egg
825,Juice,Jam,Egg
1461,Juice,Jam,Egg
1255,Juice,Jam,Egg
619,Juice,Jam,Egg
1202,Juice,Jam,Egg
658,Juice,Jam,Egg
1262,Juice,Jam,Egg
1864,Juice,Jam,Egg
1023,Juice,Jam,Egg
82,Juice,Jam,Egg
1976,Juice,Jam,Egg
690,Juice,Jam,Egg
252,Juice,Jam,Egg
1479,Juice,Jam,Egg
481,Juice,Jam,Egg
327,Juice,Jam,Egg
22,Juice,Jam,Egg
1731,Juice,Jam,Egg
1909,Juice,Jam,Egg
873,Juice,Jam,Egg
332,Juice,Jam,Egg
766,Juice,Jam,Egg
961,Juice,Jam,Egg
1789,Juice,Jam,Egg
571,Juice,Jam,Egg
490,Juice,Jam,Egg
1593,Juice,Jam,Egg
1408,Juice,Jam,Egg
571,Juice,Jam,Egg
982,Juice,Jam,Egg
1016,Juice,Jam,Egg
1227,Juice,Jam,Egg
529,Juice,Jam,Egg
1443,Juice,Jam,Egg
1582,Juice,Jam,Egg
605,Juice,Jam,Egg
1528,Juice,Jam,Egg
523,Juice,Jam,Egg
582,Juice,Jam,Egg
1616,Juice,Jam,Egg
424,Juice,Jam,Egg
1106,Juice,Jam,Egg
1007,Juice,Jam,Egg
334,Juice,Jam,Egg
170,Juice,Jam,Egg
1310,Juice,Jam,Egg
990,Juice,Jam,Egg
912,Juice,Jam,Egg
1734,Juice,Jam,Egg
1699,Juice,Jam,Egg
1703,Juice,Jam,Egg
886,Juice,Jam,Egg
1890,Juice,Jam,Egg
1634,Juice,Jam,Egg
1714,Juice,Jam,Egg
990,Juice,Jam,Egg
1087,Juice,Jam,Egg
556,Juice,Jam,Egg
1122,Juice,Jam,Egg
595,Juice,Jam,Egg
1309,Juice,Jam,Egg
37,Juice,Jam,Egg
1713,Juice,Jam,Egg
1098,Juice,Jam,Egg
1743,Juice,Jam,Egg
1422,Juice,Jam,Egg
1700,Juice,Jam,Egg
1925,Juice,Jam,Egg
809,Juice,Jam,Egg
178,Juice,Jam,Egg
138,Juice,Jam,Egg
677,Juice,Jam,Egg
520,Juice,Jam,Egg
106,Juice,Jam,Egg
11,Juice,Jam,Egg
1806,Juice,Jam,Egg
1723,Juice,Jam,Egg
463,Juice,Jam,Egg
1236,Juice,Jam,Egg
716,Juice,Jam,Egg
750,Juice,Jam,Egg
873,Juice,Jam,Egg
1763,Juice,Jam,Egg
76,Juice,Jam,Egg
1910,Juice,Jam,Egg
913,Juice,Jam,Egg
1112,Juice,Jam,Egg
1977,Juice,Jam,Egg
29,Juice,Jam,Egg
1545,Juice,Jam,Egg
571,Juice,Jam,Egg
1872,Juice,Jam,Egg
1537,Juice,Jam,Egg
394,Juice,Jam,Egg
1096,Juice,Jam,Egg
1704,Juice,Jam,Egg
960,Juice,Jam,Egg
1607,Juice,Jam,Egg
1113,Juice,Jam,Egg
1309,Juice,Jam,Egg
1897,Juice,Jam,Egg
1064,Juice,Jam,Egg
1343,Juice,Jam,Egg
793,Juice,Jam,Egg
237,Juice,Jam,Egg
1660,Juice,Jam,Egg
544,Juice,Jam,Egg
1635,Juice,Jam,Egg
1053,Juice,Jam,Egg
726,Juice,Jam,Egg
1705,Juice,Jam,Egg
1151,Juice,Jam,Egg
701,Juice,Jam,Egg
311,Juice,Jam,Egg
165,Juice,Jam,Egg
138,Juice,Jam,Egg
986,Juice,Jam,Egg
303,Juice,Jam,Egg
1954,Juice,Jam,Egg
307,Juice,Jam,Egg
1136,Juice,Jam,Egg
348,Juice,Jam,Egg
1341,Juice,Jam,Egg
1557,Juice,Jam,Egg
8,Juice,Jam,Egg
1948,Juice,Jam,Egg
267,Juice,Jam,Egg
911,Juice,Jam,Egg
13,Juice,Jam,Egg
1290,Juice,Jam,Egg
1971,Juice,Jam,Egg
834,Juice,Jam,Egg
512,Juice,Jam,Egg
292,Juice,Jam,Egg
1266,Juice,Jam,Egg
1637,Juice,Jam,Egg
1621,Juice,Jam,Egg
1334,Juice,Jam,Egg
1177,Juice,Jam,Egg
1772,Juice,Jam,Egg
1604,Juice,Jam,Egg
1523,Juice,Jam,Egg
643,Juice,Jam,Egg
558,Juice,Jam,Egg
993,Juice,Jam,Egg
520,Juice,Jam,Egg
744,Juice,Jam,Egg
397,Juice,Jam,Egg
175,Juice,Jam,Egg
609,Juice,Jam,Egg
1146,Juice,Jam,Egg
591,Juice,Jam,Egg
992,Juice,Jam,Egg
1,Juice,Jam,Egg
17,Juice,Jam,Egg
101,Juice,Jam,Egg
1583,Juice,Jam,Egg
1273,Juice,Jam,Egg
1119,Juice,Jam,Egg
692,Juice,Jam,Egg
1328,Juice,Jam,Egg
731,Juice,Jam,Egg
521,Juice,Jam,Egg
1541,Juice,Jam,Egg
1982,Juice,Jam,Egg
1987,Juice,Jam,Egg
1048,Juice,Jam,Egg
102,Juice,Jam,Egg
1260,Juice,Jam,Egg
997,Juice,Jam,Egg
291,Juice,Jam,Egg
230,Juice,Jam,Egg
712,Juice,Jam,Egg
1576,Juice,Jam,Egg
649,Juice,Jam,Egg
1454,Juice,Jam,Egg
63,Juice,Jam,Egg
169,Juice,Jam,Egg
1604,Juice,Jam,Egg
191,Juice,Jam,Egg
587,Juice,Jam,Egg
1787,Juice,Jam,Egg
1227,Juice,Jam,Egg
1508,Juice,Jam,Egg
1504,Juice,Jam,Egg
538,Juice,Jam,Egg
947,Juice,Jam,Egg
610,Juice,Jam,Egg
1457,Juice,Jam,Egg
1396,Juice,Jam,Egg
1059,Juice,Jam,Egg
1497,Juice,Jam,Egg
1824,Juice,Jam,Egg
1,Juice,Jam,Egg
367,Juice,Jam,Egg
1512,Juice,Jam,Egg
165,Juice,Jam,Egg
187,Juice,Jam,Egg
1458,Juice,Jam,Egg
1770,Juice,Jam,Egg
402,Juice,Jam,Egg
1981,Juice,Jam,Egg
1698,Juice,Jam,Egg
962,Juice,Jam,Egg
707,Juice,Jam,Egg
1567,Juice,Jam,Egg
732,Juice,Jam,Egg
90,Juice,Jam,Egg
1858,Juice,Jam,Egg
473,Juice,Jam,Egg
1719,Juice,Jam,Egg
1712,Juice,Jam,Egg
1537,Juice,Jam,Egg
1370,Juice,Jam,Egg
860,Juice,Jam,Egg
474,Juice,Jam,Egg
1747,Juice,Jam,Egg
1016,Juice,Jam,Egg
1680,Juice,Jam,Egg
912,Juice,Jam,Egg
1462,Juice,Jam,Egg
1998,Juice,Jam,Egg
1766,Juice,Jam,Egg
870,Juice,Jam,Egg
767,Juice,Jam,Egg
479,Juice,Jam,Egg
697,Juice,Jam,Egg
1573,Juice,Jam,Egg
659,Juice,Jam,Egg
816,Juice,Jam,Egg
1524,Juice,Jam,Egg
1785,Juice,Jam,Egg
1009,Juice,Jam,Egg
1469,Juice,Jam,Egg
366,Juice,Jam,Egg
1023,Juice,Jam,Egg
307,Juice,Jam,Egg
14,Juice,Jam,Egg
1565,Juice,Jam,Egg
1989,Juice,Jam,Egg
1844,Juice,Jam,Egg
1337,Juice,Jam,Egg
1397,Juice,Jam,Egg
435,Juice,Jam,Egg
996,Juice,Jam,Egg
1235,Juice,Jam,Egg
1840,Juice,Jam,Egg
1692,Juice,Jam,Egg
613,Juice,Jam,Egg
298,Juice,Jam,Egg
661,Juice,Jam,Egg
510,Juice,Jam,Egg
4,Juice,Jam,Egg
1457,Juice,Jam,Egg
652,Juice,Jam,Egg
796,Juice,Jam,Egg
519,Juice,Jam,Egg
1909,Juice,Jam,Egg
451,Juice,Jam,Egg
1100,Juice,Jam,Egg
1290,Juice,Jam,Egg
1560,Juice,Jam,Egg
1516,Juice,Jam,Egg
917,Juice,Jam,Egg
1498,Juice,Jam,Egg
966,Juice,Jam,Egg
1281,Juice,Jam,Egg
1226,Juice,Jam,Egg
503,Juice,Jam,Egg
995,Juice,Jam,Egg
1586,Juice,Jam,Egg
663,Juice,Jam,Egg
770,Juice,Jam,Egg
1289,Juice,Jam,Egg
1198,Juice,Jam,Egg
1281,Juice,Jam,Egg
1748,Juice,Jam,Egg
858,Juice,Jam,Egg
1473,Juice,Jam,Egg
1745,Juice,Jam,Egg
1601,Juice,Jam,Egg
1055,Juice,Jam,Egg
1683,Juice,Jam,Egg
450,Juice,Jam,Egg
1080,Juice,Jam,Egg
854,Juice,Jam,Egg
1329,Juice,Jam,Egg
1727,Juice,Jam,Egg
46,Juice,Jam,Egg
1075,Juice,Jam,Egg
735,Juice,Jam,Egg
872,Juice,Jam,Egg
1007,Juice,Jam,Egg
996,Juice,Jam,Egg
1931,Juice,Jam,Egg
1954,Juice,Jam,Egg
1444,Juice,Jam,Egg
349,Juice,Jam,Egg
703,Juice,Jam,Egg
1818,Juice,Jam,Egg
1242,Juice,Jam,Egg
1838,Juice,Jam,Egg
91,Juice,Jam,Egg
75,Juice,Jam,Egg
1225,Juice,Jam,Egg
471,Juice,Jam,Egg
217,Juice,Jam,Egg
1987,Juice,Jam,Egg
1953,Juice,Jam,Egg
440,Juice,Jam,Egg
1162,Juice,Jam,Egg
1478,Juice,Jam,Egg
1888,Juice,Jam,Egg
1041,Juice,Jam,Egg
1864,Juice,Jam,Egg
1183,Juice,Jam,Egg
481,Juice,Jam,Egg
1550,Juice,Jam,Egg
626,Juice,Jam,Egg
23,Juice,Jam,Egg
1229,Juice,Jam,Egg
431,Juice,Jam,Egg
1302,Juice,Jam,Egg
65,Juice,Jam,Egg
110,Juice,Jam,Egg
1515,Juice,Jam,Egg
1758,Juice,Jam,Egg
1772,Juice,Jam,Egg
38,Juice,Jam,Egg
1013,Juice,Jam,Egg
1415,Juice,Jam,Egg
448,Juice,Jam,Egg
1500,Juice,Jam,Egg
1547,Juice,Jam,Egg
648,Juice,Jam,Egg
853,Juice,Jam,Egg
206,Juice,Jam,Egg
120,Juice,Jam,Egg
1271,Juice,Jam,Egg
1903,Juice,Jam,Egg
971,Juice,Jam,Egg
1351,Juice,Jam,Egg
285,Juice,Jam,Egg
113,Juice,Jam,Egg
172,Juice,Jam,Egg
495,Juice,Jam,Egg
1407,Juice,Jam,Egg
1309,Juice,Jam,Egg
807,Juice,Jam,Egg
845,Juice,Jam,Egg
1997,Juice,Jam,Egg
458,Juice,Jam,Egg
1986,Juice,Jam,Egg
1253,Juice,Jam,Egg
359,Juice,Jam,Egg
170,Juice,Jam,Egg
1337,Juice,Jam,Egg
516,Juice,Jam,Egg
116,Juice,Jam,Egg
110,Juice,Jam,Egg
819,Juice,Jam,Egg
448,Juice,Jam,Egg
1417,Juice,Jam,Egg
8,Juice,Jam,Egg
654,Juice,Jam,Egg
734,Juice,Jam,Egg
1069,Juice,Jam,Egg
1966,Juice,Jam,Egg
243,Juice,Jam,Egg
1133,Juice,Jam,Egg
864,Juice,Jam,Egg
1277,Juice,Jam,Egg
541,Juice,Jam,Egg
1901,Juice,Jam,Egg
109,Juice,Jam,Egg
154,Juice,Jam,Egg
1444,Juice,Jam,Egg
1483,Juice,Jam,Egg
1369,Juice,Jam,Egg
697,Juice,Jam,Egg
1177,Juice,Jam,Egg
924,Juice,Jam,Egg
1922,Juice,Jam,Egg
1019,Juice,Jam,Egg
141,Juice,Jam,Egg
1113,Juice,Jam,Egg
1364,Juice,Jam,Egg
1631,Juice,Vegetable,Egg
317,Juice,Vegetable,Egg
1094,Juice,Vegetable,Egg
1855,Juice,Vegetable,Egg
55,Juice,Vegetable,Egg
1001,Juice,Vegetable,Egg
1424,Juice,Vegetable,Egg
305,Juice,Vegetable,Egg
964,Juice,Vegetable,Egg
1202,Juice,Vegetable,Egg
1836,Juice,Vegetable,Egg
890,Juice,Vegetable,Egg
1988,Juice,Vegetable,Egg
508,Juice,Vegetable,Egg
1078,Juice,Vegetable,Salad
1530,Juice,Vegetable,Salad
499,Juice,Vegetable,Salad
196,Juice,Vegetable,Salad
1994,Juice,Vegetable,Salad
1691,Juice,Vegetable,Salad
532,Juice,Vegetable,Salad
1594,Juice,Vegetable,Salad
1487,Juice,Vegetable,Salad
281,Juice,Vegetable,Salad
1185,Juice,Vegetable,Salad
1471,Juice,Vegetable,Salad
42,Juice,Vegetable,Salad
744,Juice,Vegetable,Salad
447,Juice,Vegetable,Salad
1280,Juice,Vegetable,Salad
686,Juice,Vegetable,Salad
1737,Juice,Vegetable,Salad
416,Juice,Vegetable,Salad
907,Juice,Vegetable,Salad
657,Juice,Vegetable,Salad
812,Juice,Vegetable,Salad
183,Juice,Vegetable,Salad
1399,Juice,Vegetable,Salad
577,Juice,Vegetable,Salad
196,Juice,Vegetable,Salad
20,Juice,Vegetable,Salad
1435,Juice,Vegetable,Salad
266,Juice,Vegetable,Salad
1989,Juice,Vegetable,Salad
1433,Juice,Vegetable,Salad
295,Juice,Vegetable,Salad
1447,Juice,Vegetable,Salad
1746,Juice,Vegetable,Salad
1244,Juice,Vegetable,Salad
224,Juice,Vegetable,Salad
1573,Juice,Vegetable,Salad
867,Juice,Vegetable,Salad
1603,Juice,Vegetable,Salad
543,Juice,Vegetable,Salad
1724,Juice,Vegetable,Salad
574,Juice,Vegetable,Salad
943,Juice,Vegetable,Salad
1931,Juice,Vegetable,Salad
1402,Juice,Vegetable,Salad
1587,Juice,Vegetable,Salad
58,Juice,Vegetable,Salad
802,Juice,Vegetable,Salad
1601,Juice,Vegetable,Salad
701,Juice,Vegetable,Salad
1482,Juice,Vegetable,Salad
857,Juice,Vegetable,Salad
1191,Juice,Vegetable,Salad
1,Juice,Vegetable,Salad
644,Juice,Vegetable,Salad
234,Juice,Vegetable,Salad
1108,Juice,Vegetable,Salad
1661,Juice,Vegetable,Salad
1895,Juice,Vegetable,Salad
1392,Juice,Vegetable,Salad
1097,Juice,Vegetable,Salad
1579,Juice,Vegetable,Salad
866,Juice,Vegetable,Salad
258,Juice,Vegetable,Salad
200,Juice,Vegetable,Salad
1614,Juice,Vegetable,Salad
14,Juice,Vegetable,Salad
1648,Juice,Vegetable,Salad
1462,Juice,Vegetable,Salad
707,Juice,Vegetable,Salad
603,Juice,Vegetable,Salad
58,Juice,Vegetable,Salad
1710,Juice,Vegetable,Salad
1429,Juice,Vegetable,Salad
1144,Juice,Vegetable,Salad
955,Juice,Vegetable,Salad
1889,Juice,Vegetable,Salad
141,Fruits,Vegetable,Salad
908,Fruits,Vegetable,Salad
1449,Fruits,Vegetable,Salad
575,Fruits,Vegetable,Salad
720,Fruits,Vegetable,Salad
1716,Fruits,Vegetable,Salad
1511,Fruits,Vegetable,Salad
195,Fruits,Vegetable,Salad
1830,Fruits,Vegetable,Salad
483,Fruits,Vegetable,Salad
401,Fruits,Vegetable,Salad
1159,Fruits,Vegetable,Salad
377,Fruits,Vegetable,Salad
121,Fruits,Vegetable,Salad
569,Fruits,Vegetable,Salad
343,Fruits,Vegetable,Salad
472,Fruits,Vegetable,Salad
962,Fruits,Vegetable,Salad
1394,Fruits,Vegetable,Salad
482,Fruits,Vegetable,Salad
985,Fruits,Vegetable,Salad
1491,Fruits,Vegetable,Salad
1014,Fruits,Vegetable,Salad
1152,Fruits,Vegetable,Salad
1787,Fruits,Vegetable,Salad
609,Fruits,Vegetable,Salad
1993,Fruits,Vegetable,Salad
1853,Fruits,Vegetable,Salad
509,Fruits,Vegetable,Salad
805,Fruits,Vegetable,Salad
366,Fruits,Vegetable,Salad
420,Fruits,Vegetable,Salad
1186,Fruits,Vegetable,Salad
1560,Fruits,Vegetable,Salad
1280,Fruits,Vegetable,Salad
1294,Fruits,Vegetable,Salad
1773,Fruits,Vegetable,Salad
650,Fruits,Vegetable,Salad
624,Fruits,Vegetable,Salad
206,Fruits,Vegetable,Salad
177,Fruits,Vegetable,Salad
172,Fruits,Vegetable,Salad
390,Fruits,Vegetable,Salad
241,Fruits,Vegetable,Salad
476,Fruits,Vegetable,Salad
1445,Fruits,Vegetable,Salad
716,Fruits,Vegetable,Salad
1382,Fruits,Vegetable,Salad
1894,Fruits,Vegetable,Salad
1947,Fruits,Vegetable,Salad
1926,Fruits,Vegetable,Salad
1041,Fruits,Vegetable,Salad
1404,Fruits,Vegetable,Salad
1192,Fruits,Vegetable,Salad
1651,Fruits,Vegetable,Salad
1651,Fruits,Vegetable,Salad
1744,Fruits,Vegetable,Salad
618,Fruits,Vegetable,Salad
760,Fruits,Vegetable,Salad
1608,Fruits,Vegetable,Salad
758,Fruits,Vegetable,Salad
118,Fruits,Vegetable,Salad
1721,Fruits,Vegetable,Salad
1162,Fruits,Vegetable,Salad
1073,Fruits,Vegetable,Salad
851,Fruits,Vegetable,Salad
599,Fruits,Vegetable,Salad
719,Fruits,Vegetable,Salad
36,Fruits,Vegetable,Salad
603,Fruits,Vegetable,Salad
1803,Fruits,Vegetable,Salad
634,Fruits,Vegetable,Salad
556,Fruits,Vegetable,Salad
1752,Fruits,Vegetable,Salad
1902,Fruits,Vegetable,Salad
716,Fruits,Vegetable,Salad
1835,Fruits,Vegetable,Salad
1363,Fruits,Vegetable,Salad
271,Fruits,Vegetable,Salad
1410,Fruits,Vegetable,Salad
1102,Fruits,Vegetable,Salad
151,Fruits,Vegetable,Salad
1267,Fruits,Vegetable,Salad
511,Fruits,Vegetable,Salad
1890,Fruits,Vegetable,Salad
144,Fruits,Vegetable,Salad
1428,Fruits,Vegetable,Salad
151,Fruits,Vegetable,Salad
668,Fruits,Vegetable,Salad
1589,Fruits,Vegetable,Salad
1452,Fruits,Vegetable,Salad
852,Fruits,Vegetable,Salad
811,Fruits,Vegetable,Salad
57,Fruits,Vegetable,Salad
1787,Fruits,Vegetable,Salad
45,Fruits,Vegetable,Salad
1355,Fruits,Vegetable,Salad
1028,Fruits,Vegetable,Salad
617,Fruits,Vegetable,Salad
1971,Fruits,Vegetable,Salad
1293,Fruits,Vegetable,Salad
1796,Fruits,Vegetable,Salad
1221,Fruits,Vegetable,Salad
1979,Fruits,Vegetable,Salad
1793,Fruits,Vegetable,Salad
961,Fruits,Vegetable,Salad
1254,Fruits,Vegetable,Salad
1291,Fruits,Vegetable,Salad
43,Fruits,Vegetable,Salad
1625,Fruits,Vegetable,Salad
1670,Fruits,Vegetable,Salad
660,Fruits,Vegetable,Salad
164,Fruits,Vegetable,Salad
1922,Fruits,Vegetable,Salad
1964,Fruits,Vegetable,Salad
974,Fruits,Vegetable,Salad
1817,Fruits,Vegetable,Salad
191,Fruits,Vegetable,Salad
709,Fruits,Vegetable,Salad
859,Fruits,Vegetable,Salad
1428,Fruits,Vegetable,Salad
1790,Fruits,Vegetable,Salad
4,Fruits,Vegetable,Salad
1176,Fruits,Vegetable,Salad
23,Fruits,Vegetable,Salad
1025,Fruits,Vegetable,Salad
723,Fruits,Vegetable,Salad
1482,Fruits,Vegetable,Salad
1480,Fruits,Vegetable,Salad
383,Fruits,Vegetable,Salad
668,Fruits,Vegetable,Salad
473,Fruits,Vegetable,Salad
225,Fruits,Vegetable,Salad
1847,Fruits,Vegetable,Salad
1602,Fruits,Vegetable,Salad
1637,Fruits,Vegetable,Salad
771,Fruits,Vegetable,Salad
1160,Fruits,Vegetable,Salad
534,Fruits,Vegetable,Salad
1011,Fruits,Vegetable,Salad
1471,Fruits,Vegetable,Salad
1518,Fruits,Vegetable,Salad
543,Fruits,Vegetable,Salad
46,Fruits,Vegetable,Salad
969,Fruits,Vegetable,Salad
381,Fruits,Vegetable,Salad
1383,Fruits,Vegetable,Salad
1223,Fruits,Vegetable,Salad
1422,Fruits,Vegetable,Salad
820,Fruits,Vegetable,Salad
1119,Fruits,Vegetable,Salad
882,Fruits,Vegetable,Salad
1191,Fruits,Vegetable,Salad
1023,Fruits,Vegetable,Salad
1132,Fruits,Vegetable,Salad
1591,Fruits,Vegetable,Salad
544,Fruits,Vegetable,Salad
122,Fruits,Vegetable,Salad
1311,Fruits,Vegetable,Salad
875,Fruits,Vegetable,Salad
660,Fruits,Vegetable,Salad
711,Fruits,Vegetable,Salad
379,Fruits,Vegetable,Salad
966,Fruits,Vegetable,Salad
822,Fruits,Vegetable,Salad
25,Fruits,Vegetable,Salad
1835,Fruits,Vegetable,Salad
1257,Fruits,Vegetable,Salad
1812,Fruits,Vegetable,Salad
1560,Fruits,Vegetable,Salad
638,Fruits,Vegetable,Salad
695,Fruits,Vegetable,Salad
1330,Fruits,Vegetable,Salad
1199,Fruits,Vegetable,Salad
935,Fruits,Vegetable,Salad
1895,Fruits,Vegetable,Salad
1595,Fruits,Vegetable,Salad
443,Fruits,Vegetable,Salad
1206,Fruits,Vegetable,Salad
698,Fruits,Vegetable,Salad
784,Fruits,Vegetable,Salad
1242,Fruits,Vegetable,Salad
639,Fruits,Vegetable,Salad
1492,Fruits,Vegetable,Salad
1574,Fruits,Vegetable,Salad
739,Fruits,Vegetable,Salad
1992,Fruits,Vegetable,Salad
1210,Fruits,Vegetable,Salad
1359,Fruits,Vegetable,Salad
1130,Fruits,Vegetable,Salad
290,Fruits,Vegetable,Salad
416,Fruits,Vegetable,Salad
194,Fruits,Vegetable,Salad
1082,Fruits,Vegetable,Salad
1834,Fruits,Vegetable,Salad
485,Fruits,Vegetable,Salad
1273,Fruits,Vegetable,Salad
1544,Fruits,Vegetable,Salad
433,Fruits,Vegetable,Salad
1900,Fruits,Vegetable,Salad
565,Fruits,Vegetable,Salad
1713,Fruits,Vegetable,Salad
1395,Fruits,Vegetable,Salad
714,Fruits,Vegetable,Salad
163,Fruits,Vegetable,Salad
1560,Fruits,Vegetable,Salad
1529,Fruits,Vegetable,Salad
145,Fruits,Vegetable,Salad
813,Fruits,Vegetable,Salad
1348,Fruits,Vegetable,Salad
831,Fruits,Vegetable,Salad
833,Fruits,Vegetable,Salad
910,Fruits,Vegetable,Salad
929,Fruits,Vegetable,Salad
401,Fruits,Vegetable,Salad
1505,Fruits,Vegetable,Salad
960,Fruits,Vegetable,Salad
46,Fruits,Vegetable,Salad
1550,Fruits,Vegetable,Salad
1404,Fruits,Vegetable,Salad
928,Fruits,Vegetable,Salad
844,Fruits,Vegetable,Salad
333,Fruits,Vegetable,Salad
765,Fruits,Vegetable,Salad
1879,Fruits,Vegetable,Salad
283,Fruits,Vegetable,Salad
1627,Fruits,Vegetable,Salad
1092,Fruits,Vegetable,Salad
1907,Fruits,Vegetable,Salad
1612,Fruits,Vegetable,Salad
884,Fruits,Vegetable,Salad
328,Fruits,Vegetable,Salad
883,Fruits,Vegetable,Salad
1883,Fruits,Vegetable,Salad
818,Fruits,Vegetable,Salad
1587,Fruits,Vegetable,Salad
1594,Fruits,Vegetable,Salad
890,Fruits,Vegetable,Salad
1747,Fruits,Vegetable,Salad
1599,Fruits,Vegetable,Salad
166,Fruits,Vegetable,Salad
1779,Fruits,Vegetable,Salad
862,Fruits,Vegetable,Salad
550,Fruits,Vegetable,Salad
957,Fruits,Vegetable,Salad
1771,Fruits,Vegetable,Salad
1462,Fruits,Vegetable,Salad
68,Fruits,Vegetable,Salad
1035,Fruits,Vegetable,Salad
288,Fruits,Vegetable,Salad
341,Fruits,Vegetable,Salad
236,Fruits,Vegetable,Salad
620,Fruits,Vegetable,Salad
571,Fruits,Vegetable,Salad
1783,Fruits,Vegetable,Salad
1007,Fruits,Vegetable,Salad
1981,Fruits,Vegetable,Salad
1611,Fruits,Vegetable,Salad
1955,Fruits,Vegetable,Salad
800,Fruits,Vegetable,Salad
1083,Fruits,Vegetable,Salad
1966,Fruits,Vegetable,Salad
172,Fruits,Vegetable,Salad
702,Fruits,Vegetable,Salad
689,Fruits,Vegetable,Salad
512,Fruits,Vegetable,Salad
510,Fruits,Vegetable,Salad
1457,Fruits,Vegetable,Salad
1504,Fruits,Vegetable,Salad
1788,Fruits,Vegetable,Salad
1025,Fruits,Vegetable,Salad
1346,Fruits,Vegetable,Salad
1208,Fruits,Vegetable,Salad
420,Fruits,Vegetable,Salad
542,Fruits,Vegetable,Salad
614,Fruits,Vegetable,Salad
708,Fruits,Vegetable,Salad
1269,Fruits,Vegetable,Salad
253,Fruits,Vegetable,Salad
1579,Fruits,Vegetable,Salad
1208,Fruits,Vegetable,Salad
536,Fruits,Vegetable,Salad
501,Fruits,Vegetable,Salad
1781,Fruits,Vegetable,Salad
616,Fruits,Vegetable,Salad
1253,Fruits,Vegetable,Salad
1913,Fruits,Vegetable,Salad
397,Fruits,Vegetable,Salad
860,Fruits,Vegetable,Salad
1550,Fruits,Vegetable,Salad
295,Fruits,Vegetable,Salad
1797,Fruits,Vegetable,Salad
947,Fruits,Vegetable,Salad
554,Fruits,Vegetable,Salad
1679,Fruits,Vegetable,Salad
850,Fruits,Vegetable,Salad
355,Fruits,Vegetable,Salad
1138,Fruits,Vegetable,Salad
1516,Fruits,Vegetable,Salad
1074,Fruits,Vegetable,Salad
1840,Fruits,Vegetable,Salad
1879,Fruits,Vegetable,Salad
1433,Fruits,Vegetable,Salad
1685,Fruits,Vegetable,Salad
1557,Fruits,Vegetable,Salad
1415,Fruits,Vegetable,Salad
1190,Fruits,Vegetable,Salad
1082,Fruits,Vegetable,Salad
115,Fruits,Vegetable,Salad
1559,Fruits,Vegetable,Salad
1856,Fruits,Vegetable,Salad
584,Fruits,Vegetable,Salad
717,Fruits,Vegetable,Salad
679,Fruits,Vegetable,Salad
1900,Fruits,Vegetable,Salad
1069,Fruits,Vegetable,Salad
1153,Fruits,Vegetable,Salad
790,Fruits,Vegetable,Salad
656,Fruits,Vegetable,Salad
880,Fruits,Vegetable,Salad
1323,Fruits,Vegetable,Salad
1375,Fruits,Vegetable,Salad
1369,Fruits,Vegetable,Salad
102,Fruits,Vegetable,Salad
1455,Fruits,Vegetable,Salad
849,Fruits,Vegetable,Salad
818,Fruits,Vegetable,Salad
785,Fruits,Vegetable,Salad
1584,Fruits,Vegetable,Salad
214,Fruits,Vegetable,Salad
804,Fruits,Vegetable,Salad
1626,Fruits,Vegetable,Salad
1808,Fruits,Vegetable,Salad
1504,Fruits,Vegetable,Salad
584,Fruits,Vegetable,Salad
607,Fruits,Vegetable,Salad
367,Fruits,Vegetable,Salad
1774,Fruits,Vegetable,Salad
1397,Fruits,Vegetable,Salad
768,Fruits,Vegetable,Salad
558,Fruits,Vegetable,Salad
801,Fruits,Jam,Salad
740,Fruits,Jam,Salad
1403,Fruits,Jam,Salad
1929,Fruits,Jam,Salad
1404,Fruits,Jam,Salad
632,Fruits,Jam,Salad
1733,Fruits,Jam,Salad
949,Fruits,Jam,Salad
724,Fruits,Jam,Salad
951,Fruits,Jam,Salad
52,Fruits,Jam,Salad
692,Fruits,Jam,Salad
958,Fruits,Jam,Salad
1888,Fruits,Jam,Salad
608,Fruits,Jam,Salad
1902,Fruits,Jam,Salad
1611,Fruits,Jam,Salad
172,Fruits,Jam,Salad
1635,Fruits,Jam,Salad
1937,Fruits,Jam,Salad
1020,Fruits,Jam,Salad
500,Fruits,Jam,Salad
1364,Fruits,Jam,Salad
297,Fruits,Jam,Salad
